Modelo,Serial,Nombre actual,Estado
MS225-48FP,Q2KW-MZFH-42A4, -1 Fase 2,Pendiente
MR42,Q2KD-UAWW-L2Y4, Piso -2 Ligia,Pendiente
MS210-48FP,Q4AV-PXAX-923L,-1 COMEDOR OCESA ,Pendiente
MS225-48FP,Q2KW-MVUY-MSQ2,-1 Fase2B,Pendiente
MS225-48FP,Q2KW-6VV2-HV7W,-1 Stack A,Pendiente
MS425-16,Q2CW-FSGL-UGLS,-2 DISTRIBUIDOR SITE,Pendiente
MS220-8P,Q2HP-JWWA-LLTV,-2 Mesas Céntrales digital ,Pendiente
MS225-48FP,Q2KW-93LV-73CF,-2 STACK 1A,Pendiente
MS225-48FP,Q2KW-8SWA-58U7,-2 STACK 1B,Pendiente
MS225-48FP,Q2KW-59G8-RWBD,-2 STACK 2A,Pendiente
MS225-48FP,Q2KW-596R-ZXEZ,-2 STACK 2B,Pendiente
MS225-48FP,Q2KW-93TJ-8KQV,-2 STACK 2C,Pendiente
MS225-48FP,Q2KW-9VXD-4CJX,-2 STACK 2D,Pendiente
MS225-48FP,Q2KW-6JUU-8QUX,-2 STACK 3A,Pendiente
MS225-48FP,Q2KW-6HT3-P5LX,-2 STACK 3B,Pendiente
MS225-48FP,Q2KW-8T86-LL2D,-2 STACK 3C,Pendiente
MS225-48FP,Q2KW-6MHB-7H64,-2 STACK 3D,Pendiente
MS225-48FP,Q2KW-6W35-43F9,-2 STACK 3E,Pendiente
MS225-48FP,Q2KW-6XG5-ERHJ,-2 STACK 4A,Pendiente
MS225-48FP,Q2KW-F448-MYZB,-2 STACK 4B,Pendiente
MS320-48FP,Q2TP-VTMU-N3CR,-2 STACK 4C,Pendiente
MS225-48FP,Q2KW-B4EA-F2YC,-2 STACK 5A,Pendiente
MS225-48FP,Q2KW-5AJV-B6UN,-2 STACK 5B,Pendiente
MS225-48FP,Q2KW-6TD6-CUPM,-2 STACK 5C,Pendiente
MS225-48FP,Q2KW-B6E8-6Q9Z,-2 STACK 6A,Pendiente
MS225-48FP,Q2KW-6P8A-NMRV,-2 STACK 6B,Pendiente
MX450,Q3LD-7TL9-GWAA,MX450 Master hipodromo,Pendiente
MX450,Q3LD-WQUM-YRYT,MX450 Spare hipodromo,Pendiente
MR46,Q3AC-JUV7-6PRY,PB Alex Mizrahi Seitrack,Pendiente
MR36,Q3AJ-GTKQ-X76R,PB Comedor Seitrack,Pendiente
MR46,Q3AC-Y64Z-C9P7,PB Cubiculos Seitrack,Pendiente
MR46,Q3AC-55CG-VGYA,PB Marisol Marquez Seitrack,Pendiente
MS320-48FP,Q2TP-7J7P-ZUP7,PISO 2A,Pendiente
MS225-48FP,Q2KW-K9XF-2XQV,PISO 2B,Pendiente
MS225-48FP,Q2KW-YMBG-LQ4G,PISO 2C,Pendiente
MS225-48FP,Q2KW-MUAC-QUET,PISO 2D,Pendiente
MS225-48FP,Q2KW-MTM8-KLYY,PISO 2E,Pendiente
MR42,Q2KD-DYFR-CLTE,Piso - 1 Abraham Lopez,Pendiente
MR44,Q3AL-WNR2-ATLF,Piso -1 AP CENTRO,Pendiente
MR44,Q3AL-BSX6-J3JH,Piso -1 AP Compras,Pendiente
MR44,Q3AL-XKXA-LNYA,Piso -1 AP planeación Financiera,Pendiente
MR46,Q3AC-D88Z-S7R9,Piso -1 AP-Nóminas,Pendiente
MR44,Q3AL-L6L4-LWKR,Piso -1 Comedor Hornos,Pendiente
MR44,Q3AL-5S2K-NZBE,Piso -1 Comedor Privados,Pendiente
MR44,Q3AL-LM55-SZCA,Piso -1 Comedor Terraza,Pendiente
MR42,Q2KD-NX83-M8YD,Piso -1 Sistemas-Soporte,Pendiente
MR44,Q3AL-5VPM-5SYX,Piso -2 Almacen de Archivo,Pendiente
MR56,Q3AB-TY8D-RW5M,Piso -2 Dir.  Jaime Zevada,Pendiente
MR53,Q2MD-9NCA-JCZU,Piso -2 Dir. Carla Sosa,Pendiente
MR53E,Q2UD-2XB9-CD5V,Piso -2 Dir. George Gonzalez,Pendiente
MR42,Q2KD-AGHP-TX5P,Piso -2 Dir. Jordi,Pendiente
MR42,Q2KD-8Z8E-YUX5,Piso -2 Dir. Jorge López,Pendiente
MR42,Q2KD-MNKJ-CJYX,Piso -2 Dir. Julieta Gonzalez,Pendiente
MR53,Q2MD-DGJ9-Z9H4,Piso -2 Dir. Mario Villavera,Pendiente
MR53,Q2MD-CQE8-323Y,Piso -2 Dir. Memo Parra,Pendiente
MR53,Q2MD-AUQ6-GKDJ,Piso -2 Dir. Omar Lopez,Pendiente
MR42,Q2KD-AEDW-RTH4,Piso -2 Eventos - New,Pendiente
MR42,Q2KD-PECQ-J8CC,Piso -2 Festivales - Privados,Pendiente
MR53,Q2MD-SUEM-AMG9,Piso -2 Mercadotecnia,Pendiente
MR53,Q2MD-KB6A-S3GW,Piso -2 Oficinas - Mensajería ,Pendiente
MR53E,Q2UD-JHJF-FQ7S,Piso -2 Oficinas Auditoria,Pendiente
MR53E,Q2UD-TLPV-R644,Piso -2 Oficinas Contraloria,Pendiente
MR53E,Q2UD-827B-XTT8,Piso -2 Oficinas Fiscal,Pendiente
MR53E,Q2UD-NW2B-YEUE,Piso -2 Oficinas Gerencia ,Pendiente
MR53E,Q2UD-6NEG-L6D3,Piso -2 Oficinas Jurídico,Pendiente
MR53E,Q2UD-K9BB-8TTX,Piso -2 Oficinas Liquidadores,Pendiente
MR53E,Q2UD-U8JR-LL3E,Piso -2 Oficinas Produccion,Pendiente
MR53E,Q2UD-CF5T-BXB3,Piso -2 Oficinas Tesoreria,Pendiente
MR24,Q2ED-L8CC-Y29R,Piso -2 SALA VIVE LATINO,Pendiente
MR24,Q2ED-KZSM-C5L7,Piso -2 Sala de juntas - Mercadotecnia,Pendiente
MR53E,Q2UD-YE6Z-ZPH4,Piso -2 Salas de Juntas,Pendiente
MR24,Q2ED-9K92-Y3C4,Piso -2 Área de fumar,Pendiente
MR42,Q2KD-SY76-HRYX,Piso 2 Centro,Pendiente
MR53,Q2MD-KDF4-L95G,Piso 2 Centro Comercial,Pendiente
MR46,Q3AC-PUFH-AVT9,Piso 2 Comedor,Pendiente
MR42,Q2KD-VJ6U-U7NU,Piso 2 Cubiculo Cristina Garcia,Pendiente
MR24,Q2ED-KPR4-JA83,Piso 2 Cubiculo Direccion Comercial,Pendiente
MR34,Q2FD-X9GU-CFWR,Piso 2 Cubiculo F Alaman,Pendiente
MR56,Q3AB-VPHM-FL6D,Piso 2 Cubiculo Martha Martinez,Pendiente
MR42,Q2KD-RAP6-G22J,Piso 2 Cubilico Rocio Campos,Pendiente
MR46,Q3AC-AWHT-738P,Piso 2 Cubículo Gio Zendejas,Pendiente
MR34,Q2FD-R7KQ-GAEG,Piso 2 Cubículo Teresa Cruz,Pendiente
MR44,Q3AL-8LQ3-UAQT,Piso 2 Sabores Polanco 1,Pendiente
MR53,Q2MD-UXGS-GRU2,Piso 2 Sabores Polanco 2,Pendiente
MS225-48FP,Q2KW-9BTH-56RK,SEITRACK-PB 1,Pendiente
MS225-48FP,Q2KW-FJNA-ULL8,SEITRACK-PB 2,Pendiente
MS220-24,Q2JP-PKXY-WEQX,Site GRADA 1 Interconexion,Pendiente

Resumen,Cantidad
Total en la Network,87
Recuperados,0
Pendientes,87
